timestamp,sender,text
202,LLMAssistant,"Hello, this is a present message that you can edit in your code in AlwaysVisibleLLM.js (initialMessages)."
202,LLMAssistant,"This is the second message, you can edit, add more, or delete me."
19392,user,can u write more
19392,LLMAssistant,"Of course! Here's a continuation of your thoughts on your love for books:

---

I love reading books because they transport me to different worlds, offering an escape from reality and a chance to experience life through different perspectives. Each book is like a new adventure, introducing me to characters who often feel as real as friends and family. The smell of the pages, whether fresh off the press or aged with time, adds to the sensory experience of getting lost in a good story.

Books have the power to evoke a range of emotions, from laughter to tears, and everything in between. They challenge my thinking, broaden my horizons, and deepen my understanding of the world around me. Whether it's fiction or non-fiction, each book leaves a lasting impact, enriching my knowledge and empathy.

There's a special kind of magic in turning a page and not knowing what to expect next. The anticipation of plot twists and the satisfaction of a well-crafted story are unparalleled. I cherish the quiet moments spent with a book, where time seems to stand still and the outside world fades away.

In a world that's constantly buzzing, books offer solace and a sense of calm. They are companions during solitary moments and a source of inspiration and insight. My love for books is an endless journey of discovery, one that I hope will continue to evolve with each story I embrace."
105175,user,okay can u make just 3 suggestions
105175,LLMAssistant,"Certainly! Here are three suggestions to enhance your piece about your love for books:

1. **Personal Anecdotes:**
   Include a personal story or anecdote about a specific book that had a significant impact on you. Describe a moment when a book changed your perspective or provided comfort during a challenging time.

2. **Sensory Details:**
   Add more sensory details to bring your love for books to life. Mention the feel of the book in your hands, the sound of pages turning, or the unique smell of an old library or a freshly printed book.

3. **The Power of Imagination:**
   Explore how books fuel your imagination. Discuss how getting lost in a story often inspires you creatively, encouraging you to see the world differently or motivating you to create your own stories and ideas.

These additions could help deepen your expression and make your piece more vivid and relatable."
156664,user,thank you!
156664,LLMAssistant,"You're welcome! If you have any more questions or need further assistance, feel free to ask. Happy writing! 📚✨"
